instruction,cqa family
FABS,FM_ABS
PABSB,FM_ABS
PABSD,FM_ABS
PABSW,FM_ABS
VPABSB,FM_ABS
VPABSD,FM_ABS
VPABSQ,FM_ABS
VPABSW,FM_ABS
ADC,FM_ADD
ADCX,FM_ADD
ADD,FM_ADD
ADDPD,FM_ADD
ADDPS,FM_ADD
ADDSD,FM_ADD
ADDSS,FM_ADD
ADDSUBPD,FM_ADD
ADDSUBPS,FM_ADD
ADOX,FM_ADD
FADD,FM_ADD
FIADD,FM_ADD
HADDPD,FM_ADD
HADDPS,FM_ADD
KADDB,FM_ADD
KADDD,FM_ADD
KADDQ,FM_ADD
PADDB,FM_ADD
PADDD,FM_ADD
PADDQ,FM_ADD
PADDSB,FM_ADD
PADDSW,FM_ADD
PADDUSB,FM_ADD
PADDUSW,FM_ADD
PFACC,FM_ADD
PFADD,FM_ADD
PHADDD,FM_ADD
PHADDSW,FM_ADD
VADDPD,FM_ADD
VADDPS,FM_ADD
VADDSD,FM_ADD
VADDSS,FM_ADD
VADDSUBPD,FM_ADD
VADDSUBPS,FM_ADD
VHADDPD,FM_ADD
VHADDPS,FM_ADD
VPADDB,FM_ADD
VPADDQ,FM_ADD
VPADDSB,FM_ADD
VPADDSW,FM_ADD
VPADDUSB,FM_ADD
VPADDUSW,FM_ADD
VPADDW,FM_ADD
VPHADDSW,FM_ADD
VPHADDW,FM_ADD
VPMADDUBSW,FM_ADD
VPMADDWD,FM_ADD
XADD,FM_ADD
FADDP,FM_ADD
KADDW,FM_ADD
PADDW,FM_ADD
PHADDW,FM_ADD
VPADDD,FM_ADD
VPHADDD,FM_ADD
AND,FM_AND
ANDN,FM_AND
ANDNPD,FM_AND
ANDNPS,FM_AND
ANDPS,FM_AND
KANDB,FM_AND
KANDD,FM_AND
KANDNB,FM_AND
KANDND,FM_AND
KANDNQ,FM_AND
KANDNW,FM_AND
KANDQ,FM_AND
KANDW,FM_AND
PAND,FM_AND
PANDN,FM_AND
VANDNPD,FM_AND
VANDNPS,FM_AND
VANDPD,FM_AND
VPAND,FM_AND
VPANDD,FM_AND
VPANDND,FM_AND
VPANDNQ,FM_AND
VPANDQ,FM_AND
VPTESTMB,FM_AND
VPTESTMD,FM_AND
VPTESTMQ,FM_AND
VPTESTMW,FM_AND
VPTESTNMB,FM_AND
VPTESTNMD,FM_AND
VPTESTNMW,FM_AND
ANDPD,FM_AND
VANDPS,FM_AND
VPANDN,FM_AND
VPTESTNMQ,FM_AND
FPATAN,FM_ATAN
PAVGB,FM_AVG
PAVGUSB,FM_AVG
PAVGW,FM_AVG
VPAVGB,FM_AVG
VPAVGW,FM_AVG
VBROADCASTF128,FM_BROADCAST
VBROADCASTF32X2,FM_BROADCAST
VBROADCASTF32X4,FM_BROADCAST
VBROADCASTF64X2,FM_BROADCAST
VBROADCASTF64X4,FM_BROADCAST
VBROADCASTI128,FM_BROADCAST
VBROADCASTI32X2,FM_BROADCAST
VBROADCASTI32X4,FM_BROADCAST
VBROADCASTI32X8,FM_BROADCAST
VBROADCASTI64X2,FM_BROADCAST
VBROADCASTI64X4,FM_BROADCAST
VBROADCASTSD,FM_BROADCAST
VPBROADCASTB,FM_BROADCAST
VPBROADCASTD,FM_BROADCAST
VPBROADCASTMB2Q,FM_BROADCAST
VPBROADCASTMW2D,FM_BROADCAST
VPBROADCASTQ,FM_BROADCAST
VPBROADCASTW,FM_BROADCAST
VBROADCASTF32X8,FM_BROADCAST
VBROADCASTSS,FM_BROADCAST
BSWAP,FM_BSWAP
MOVBE,FM_BSWAP
CALL,FM_CALL
LCALL,FM_CALL
JA,FM_CJUMP
JAE,FM_CJUMP
JB,FM_CJUMP
JBE,FM_CJUMP
JC,FM_CJUMP
JE,FM_CJUMP
JG,FM_CJUMP
JGE,FM_CJUMP
JL,FM_CJUMP
JLE,FM_CJUMP
JNA,FM_CJUMP
JNAE,FM_CJUMP
JNB,FM_CJUMP
JNBE,FM_CJUMP
JNE,FM_CJUMP
JNG,FM_CJUMP
JNGE,FM_CJUMP
JNL,FM_CJUMP
JNLE,FM_CJUMP
JNO,FM_CJUMP
JNP,FM_CJUMP
JNS,FM_CJUMP
JNZ,FM_CJUMP
JP,FM_CJUMP
JPE,FM_CJUMP
JPO,FM_CJUMP
JRCXZ,FM_CJUMP
JS,FM_CJUMP
JZ,FM_CJUMP
JECXZ,FM_CJUMP
JNC,FM_CJUMP
JO,FM_CJUMP
BLSR,FM_CLR
BZHI,FM_CLR
CLAC,FM_CLR
CLC,FM_CLR
CLD,FM_CLR
VZEROALL,FM_CLR
VZEROUPPER,FM_CLR
CMOVA,FM_CMOV
CMOVAE,FM_CMOV
CMOVBE,FM_CMOV
CMOVC,FM_CMOV
CMOVE,FM_CMOV
CMOVG,FM_CMOV
CMOVGE,FM_CMOV
CMOVL,FM_CMOV
CMOVLE,FM_CMOV
CMOVNA,FM_CMOV
CMOVNAE,FM_CMOV
CMOVNBE,FM_CMOV
CMOVNC,FM_CMOV
CMOVNE,FM_CMOV
CMOVNG,FM_CMOV
CMOVNGE,FM_CMOV
CMOVNL,FM_CMOV
CMOVNLE,FM_CMOV
CMOVNO,FM_CMOV
CMOVNP,FM_CMOV
CMOVNZ,FM_CMOV
CMOVO,FM_CMOV
CMOVP,FM_CMOV
CMOVPE,FM_CMOV
CMOVPO,FM_CMOV
CMOVS,FM_CMOV
CMOVZ,FM_CMOV
CMPXCHG,FM_CMOV
CMPXCHG16B,FM_CMOV
CMPXCHG8B,FM_CMOV
FCMOVB,FM_CMOV
FCMOVBE,FM_CMOV
FCMOVE,FM_CMOV
FCMOVNB,FM_CMOV
FCMOVNBE,FM_CMOV
FCMOVNU,FM_CMOV
FCMOVU,FM_CMOV
CMOVB,FM_CMOV
CMOVNB,FM_CMOV
CMOVNS,FM_CMOV
FCMOVNE,FM_CMOV
VPCMOV,FM_CMOV
CMP,FM_CMP
CMPPD,FM_CMP
CMPS,FM_CMP
CMPSD,FM_CMP
CMPSS,FM_CMP
COMISD,FM_CMP
COMISS,FM_CMP
FCOM,FM_CMP
FCOMI,FM_CMP
FCOMIP,FM_CMP
FCOMP,FM_CMP
FCOMPP,FM_CMP
FICOM,FM_CMP
FICOMP,FM_CMP
FTST,FM_CMP
FUCOMI,FM_CMP
FUCOMIP,FM_CMP
FUCOMP,FM_CMP
FUCOMPP,FM_CMP
KORTESTD,FM_CMP
KORTESTQ,FM_CMP
KORTESTW,FM_CMP
KTESTB,FM_CMP
KTESTD,FM_CMP
KTESTQ,FM_CMP
KTESTW,FM_CMP
PCMPEQB,FM_CMP
PCMPEQD,FM_CMP
PCMPEQQ,FM_CMP
PCMPEQW,FM_CMP
PCMPESTRI,FM_CMP
PCMPESTRM,FM_CMP
PCMPGTB,FM_CMP
PCMPGTD,FM_CMP
PCMPGTQ,FM_CMP
PCMPISTRI,FM_CMP
PCMPISTRM,FM_CMP
PFCMPEQ,FM_CMP
PFCMPGE,FM_CMP
PFCMPGT,FM_CMP
PTEST,FM_CMP
REPE_CMPS,FM_CMP
REPE_SCAS,FM_CMP
REPNE_CMPS,FM_CMP
REPNE_SCAS,FM_CMP
SCAS,FM_CMP
UCOMISD,FM_CMP
UCOMISS,FM_CMP
VCMPPD,FM_CMP
VCMPPS,FM_CMP
VCMPSD,FM_CMP
VCMPSS,FM_CMP
VCOMISD,FM_CMP
VCOMISS,FM_CMP
VPCMPB,FM_CMP
VPCMPD,FM_CMP
VPCMPEQB,FM_CMP
VPCMPEQD,FM_CMP
VPCMPEQQ,FM_CMP
VPCMPEQUD,FM_CMP
VPCMPEQUQ,FM_CMP
VPCMPEQW,FM_CMP
VPCMPESTRI,FM_CMP
VPCMPGTB,FM_CMP
VPCMPGTD,FM_CMP
VPCMPGTQ,FM_CMP
VPCMPGTW,FM_CMP
VPCMPISTRI,FM_CMP
VPCMPISTRM,FM_CMP
VPCMPLED,FM_CMP
VPCMPLEQ,FM_CMP
VPCMPLEUD,FM_CMP
VPCMPLTD,FM_CMP
VPCMPLTQ,FM_CMP
VPCMPLTUD,FM_CMP
VPCMPLTUQ,FM_CMP
VPCMPNEQD,FM_CMP
VPCMPNEQQ,FM_CMP
VPCMPNEQUD,FM_CMP
VPCMPNEQUQ,FM_CMP
VPCMPNLED,FM_CMP
VPCMPNLEUD,FM_CMP
VPCMPNLEUQ,FM_CMP
VPCMPNLTD,FM_CMP
VPCMPNLTQ,FM_CMP
VPCMPNLTUD,FM_CMP
VPCMPNLTUQ,FM_CMP
VPCMPQ,FM_CMP
VPCMPUB,FM_CMP
VPCMPUD,FM_CMP
VPCMPUW,FM_CMP
VPCMPW,FM_CMP
VPCOMB,FM_CMP
VPCOMD,FM_CMP
VPCOMQ,FM_CMP
VPCOMUB,FM_CMP
VPTEST,FM_CMP
VTESTPD,FM_CMP
VUCOMISD,FM_CMP
VUCOMISS,FM_CMP
CMPPS,FM_CMP
FUCOM,FM_CMP
KORTESTB,FM_CMP
PCMPGTW,FM_CMP
TEST,FM_CMP
VPCMPESTRM,FM_CMP
VPCMPLEUQ,FM_CMP
VPCMPNLEQ,FM_CMP
VPCMPUQ,FM_CMP
VTESTPS,FM_CMP
LZCNT,FM_CNT
POPCNT,FM_CNT
TZCNT,FM_CNT
VPLZCNTD,FM_CNT
VPLZCNTQ,FM_CNT
FCOS,FM_COS
AESDECLAST,FM_CRYPTO
AESENC,FM_CRYPTO
AESENCLAST,FM_CRYPTO
AESIMC,FM_CRYPTO
AESKEYGENASSIST,FM_CRYPTO
RDSEED,FM_CRYPTO
VAESDEC,FM_CRYPTO
VAESENC,FM_CRYPTO
VAESENCLAST,FM_CRYPTO
VAESIMC,FM_CRYPTO
VAESKEYGENASSIST,FM_CRYPTO
AESDEC,FM_CRYPTO
VAESDECLAST,FM_CRYPTO
CBW,FM_CVT
CLTD,FM_CVT
CLTQ,FM_CVT
CVTDQ2PD,FM_CVT
CVTDQ2PS,FM_CVT
CVTPD2DQ,FM_CVT
CVTPD2PI,FM_CVT
CVTPD2PS,FM_CVT
CVTPI2PD,FM_CVT
CVTPI2PS,FM_CVT
CVTPS2DQ,FM_CVT
CVTPS2PI,FM_CVT
CVTSD2SI,FM_CVT
CVTSD2SS,FM_CVT
CVTSI2SD,FM_CVT
CVTSI2SS,FM_CVT
CVTSS2SD,FM_CVT
CVTSS2SI,FM_CVT
CVTTPD2DQ,FM_CVT
CVTTPD2PI,FM_CVT
CVTTPS2PI,FM_CVT
CVTTSD2SI,FM_CVT
CVTTSS2SI,FM_CVT
CWD,FM_CVT
CWTL,FM_CVT
FBLD,FM_CVT
FBSTP,FM_CVT
FILD,FM_CVT
FIST,FM_CVT
FISTP,FM_CVT
FISTTP,FM_CVT
PACKSSDW,FM_CVT
PACKUSDW,FM_CVT
PACKUSWB,FM_CVT
PF2ID,FM_CVT
PI2FD,FM_CVT
PI2FW,FM_CVT
VCVTDQ2PD,FM_CVT
VCVTPD2DQ,FM_CVT
VCVTPD2PS,FM_CVT
VCVTPD2QQ,FM_CVT
VCVTPD2UDQ,FM_CVT
VCVTPD2UQQ,FM_CVT
VCVTPH2PS,FM_CVT
VCVTPS2DQ,FM_CVT
VCVTPS2PD,FM_CVT
VCVTPS2PH,FM_CVT
VCVTPS2UDQ,FM_CVT
VCVTPS2UQQ,FM_CVT
VCVTQQ2PD,FM_CVT
VCVTQQ2PS,FM_CVT
VCVTSD2SI,FM_CVT
VCVTSD2SS,FM_CVT
VCVTSD2USI,FM_CVT
VCVTSI2SD,FM_CVT
VCVTSI2SS,FM_CVT
VCVTSS2SI,FM_CVT
VCVTSS2USI,FM_CVT
VCVTTPD2DQ,FM_CVT
VCVTTPD2QQ,FM_CVT
VCVTTPD2UDQ,FM_CVT
VCVTTPD2UQQ,FM_CVT
VCVTTPS2DQ,FM_CVT
VCVTTPS2QQ,FM_CVT
VCVTTPS2UDQ,FM_CVT
VCVTTSD2SI,FM_CVT
VCVTTSD2USI,FM_CVT
VCVTTSS2SI,FM_CVT
VCVTTSS2USI,FM_CVT
VCVTUDQ2PD,FM_CVT
VCVTUDQ2PS,FM_CVT
VCVTUQQ2PD,FM_CVT
VCVTUQQ2PS,FM_CVT
VCVTUSI2SD,FM_CVT
VGETEXPPD,FM_CVT
VGETEXPPS,FM_CVT
VGETEXPSD,FM_CVT
VGETEXPSS,FM_CVT
VGETMANTPD,FM_CVT
VGETMANTSD,FM_CVT
VGETMANTSS,FM_CVT
VPACKSSDW,FM_CVT
VPACKSSWB,FM_CVT
VPACKUSDW,FM_CVT
VPACKUSWB,FM_CVT
VPMOVB2M,FM_CVT
VPMOVD2M,FM_CVT
VPMOVDB,FM_CVT
VPMOVDW,FM_CVT
VPMOVM2B,FM_CVT
VPMOVM2D,FM_CVT
VPMOVM2Q,FM_CVT
VPMOVQ2M,FM_CVT
VPMOVQB,FM_CVT
VPMOVQD,FM_CVT
VPMOVQW,FM_CVT
VPMOVSDB,FM_CVT
VPMOVSDW,FM_CVT
VPMOVSQB,FM_CVT
VPMOVSQD,FM_CVT
VPMOVSWB,FM_CVT
VPMOVUSDB,FM_CVT
VPMOVUSDW,FM_CVT
VPMOVUSQD,FM_CVT
VPMOVUSQW,FM_CVT
VPMOVUSWB,FM_CVT
VPMOVW2M,FM_CVT
VPMOVWB,FM_CVT
CQTO,FM_CVT
CVTPS2PD,FM_CVT
CVTTPS2DQ,FM_CVT
PACKSSWB,FM_CVT
PF2IW,FM_CVT
VCVTDQ2PS,FM_CVT
VCVTPS2QQ,FM_CVT
VCVTSS2SD,FM_CVT
VCVTTPS2UQQ,FM_CVT
VCVTUSI2SS,FM_CVT
VGETMANTPS,FM_CVT
VPMOVM2W,FM_CVT
VPMOVSQW,FM_CVT
VPMOVUSQB,FM_CVT
DEC,FM_DEC
DIV,FM_DIV
DIVPD,FM_DIV
DIVPS,FM_DIV
DIVSS,FM_DIV
FDIVP,FM_DIV
FDIVR,FM_DIV
FDIVRP,FM_DIV
FIDIV,FM_DIV
IDIV,FM_DIV
VDIVPD,FM_DIV
VDIVPS,FM_DIV
VDIVSD,FM_DIV
VDIVSS,FM_DIV
DIVSD,FM_DIV
FDIV,FM_DIV
FIDIVR,FM_DIV
PSADBW,FM_DSP
VDBPSADBW,FM_DSP
VMPSADBW,FM_DSP
VPSADBW,FM_DSP
MPSADBW,FM_DSP
BTC,FM_ENV
BTR,FM_ENV
BTS,FM_ENV
CMC,FM_ENV
FCLEX,FM_ENV
FEMMS,FM_ENV
FFREE,FM_ENV
FINIT,FM_ENV
FLDCW,FM_ENV
FLDENV,FM_ENV
FNCLEX,FM_ENV
FNINIT,FM_ENV
FNSAVE,FM_ENV
FNSTCW,FM_ENV
FNSTENV,FM_ENV
FNSTSW,FM_ENV
FRSTOR,FM_ENV
FSAVE,FM_ENV
FSTCW,FM_ENV
FSTENV,FM_ENV
FSTSW,FM_ENV
FWAIT,FM_ENV
FXRSTOR,FM_ENV
FXSAVE,FM_ENV
LAR,FM_ENV
LDMXCSR,FM_ENV
LGDT,FM_ENV
LIDT,FM_ENV
LMSW,FM_ENV
LTR,FM_ENV
RDMSR,FM_ENV
RDPMC,FM_ENV
SIDT,FM_ENV
SLDT,FM_ENV
SMSW,FM_ENV
STAC,FM_ENV
STC,FM_ENV
STD,FM_ENV
STMXCSR,FM_ENV
STR,FM_ENV
SWAPGS,FM_ENV
VERR,FM_ENV
VERW,FM_ENV
VLDMXCSR,FM_ENV
VSTMXCSR,FM_ENV
WRMSR,FM_ENV
XGETBV,FM_ENV
XRSTOR,FM_ENV
XRSTOR64,FM_ENV
XSAVE,FM_ENV
XSAVEOPT,FM_ENV
XSAVEOPT64,FM_ENV
XSETBV,FM_ENV
BT,FM_ENV
LLDT,FM_ENV
SGDT,FM_ENV
XSAVE64,FM_ENV
V4FMADDPS,FM_FMA
V4FNMADDPS,FM_FMA
V4FNMADDSS,FM_FMA
VFMADD132PD,FM_FMA
VFMADD132SD,FM_FMA
VFMADD132SS,FM_FMA
VFMADD213PD,FM_FMA
VFMADD213PS,FM_FMA
VFMADD213SD,FM_FMA
VFMADD213SS,FM_FMA
VFMADD231PD,FM_FMA
VFMADD231PS,FM_FMA
VFMADD231SD,FM_FMA
VFMADDPD,FM_FMA
VFMADDPS,FM_FMA
VFMADDSD,FM_FMA
VFMADDSS,FM_FMA
VFMADDSUB132PD,FM_FMA
VFMADDSUB132PS,FM_FMA
VFMADDSUB213PD,FM_FMA
VFMADDSUB213PS,FM_FMA
VFMADDSUB231PD,FM_FMA
VFMADDSUBPD,FM_FMA
VFMADDSUBPS,FM_FMA
VFMSUB132PD,FM_FMA
VFMSUB132PS,FM_FMA
VFMSUB132SD,FM_FMA
VFMSUB132SS,FM_FMA
VFMSUB213PD,FM_FMA
VFMSUB213PS,FM_FMA
VFMSUB213SD,FM_FMA
VFMSUB231PD,FM_FMA
VFMSUB231PS,FM_FMA
VFMSUB231SD,FM_FMA
VFMSUB231SS,FM_FMA
VFMSUBADD132PD,FM_FMA
VFMSUBADD132PS,FM_FMA
VFMSUBADD213PD,FM_FMA
VFMSUBADD213PS,FM_FMA
VFMSUBADD231PD,FM_FMA
VFMSUBADDPD,FM_FMA
VFMSUBADDPS,FM_FMA
VFMSUBPD,FM_FMA
VFMSUBPS,FM_FMA
VFMSUBSD,FM_FMA
VFMSUBSS,FM_FMA
VFNMADD132PD,FM_FMA
VFNMADD132PS,FM_FMA
VFNMADD132SD,FM_FMA
VFNMADD213PD,FM_FMA
VFNMADD213PS,FM_FMA
VFNMADD213SD,FM_FMA
VFNMADD213SS,FM_FMA
VFNMADD231PD,FM_FMA
VFNMADD231PS,FM_FMA
VFNMADD231SD,FM_FMA
VFNMADD231SS,FM_FMA
VFNMADDPD,FM_FMA
VFNMADDSD,FM_FMA
VFNMADDSS,FM_FMA
VFNMSUB132PD,FM_FMA
VFNMSUB132PS,FM_FMA
VFNMSUB132SD,FM_FMA
VFNMSUB132SS,FM_FMA
VFNMSUB213PD,FM_FMA
VFNMSUB213PS,FM_FMA
VFNMSUB213SD,FM_FMA
VFNMSUB231PD,FM_FMA
VFNMSUB231PS,FM_FMA
VFNMSUB231SD,FM_FMA
VFNMSUB231SS,FM_FMA
VFNMSUBPD,FM_FMA
VFNMSUBPS,FM_FMA
VFNMSUBSD,FM_FMA
VFNMSUBSS,FM_FMA
V4FMADDSS,FM_FMA
VFMADD132PS,FM_FMA
VFMADD231SS,FM_FMA
VFMADDSUB231PS,FM_FMA
VFMSUB213SS,FM_FMA
VFMSUBADD231PS,FM_FMA
VFNMADD132SS,FM_FMA
VFNMADDPS,FM_FMA
VFNMSUB213SS,FM_FMA
VP4DPWSSD,FM_FMA
VGATHERDPD,FM_GATHER
VGATHERDPS,FM_GATHER
VGATHERQPD,FM_GATHER
VGATHERQPS,FM_GATHER
VPGATHERDD,FM_GATHER
VPGATHERDQ,FM_GATHER
VPGATHERQD,FM_GATHER
VPGATHERQQ,FM_GATHER
CRC32,FM_HASH
CLFLUSHOPT,FM_HW
INVD,FM_HW
INVEPT,FM_HW
INVLPG,FM_HW
INVPCID,FM_HW
LFENCE,FM_HW
MFENCE,FM_HW
PAUSE,FM_HW
PTWRITE,FM_HW
SFENCE,FM_HW
WAIT,FM_HW
WBINVD,FM_HW
CLFLUSH,FM_HW
INVVPID,FM_HW
IN,FM_IN
INS,FM_IN
REP_INS,FM_IN
INC,FM_INC
CPUID,FM_INFO
LSL,FM_INFO
RDTSC,FM_INFO
RDTSCP,FM_INFO
JMP,FM_JUMP
LJMP,FM_JUMP
LEA,FM_LEA
LFS,FM_LOAD
LGS,FM_LOAD
RDFSBASE,FM_LOAD
RDGSBASE,FM_LOAD
WRFSBASE,FM_LOAD
WRGSBASE,FM_LOAD
XLAT,FM_LOAD
LDDQU,FM_LOAD
LSS,FM_LOAD
LOOP,FM_LOOP
LOOPE,FM_LOOP
LOOPNE,FM_LOOP
LOOPNZ,FM_LOOP
LOOPZ,FM_LOOP
MOVMSKPS,FM_MASK
PMOVMSKB,FM_MASK
VMOVMSKPD,FM_MASK
VMOVMSKPS,FM_MASK
VPMOVMSKB,FM_MASK
MOVMSKPD,FM_MASK
MAXPD,FM_MAX
MAXPS,FM_MAX
MAXSD,FM_MAX
MAXSS,FM_MAX
PFMAX,FM_MAX
PMAXSB,FM_MAX
PMAXSD,FM_MAX
PMAXSW,FM_MAX
PMAXUB,FM_MAX
PMAXUD,FM_MAX
PMAXUW,FM_MAX
VMAXPD,FM_MAX
VMAXPS,FM_MAX
VMAXSD,FM_MAX
VMAXSS,FM_MAX
VPMAXSB,FM_MAX
VPMAXSD,FM_MAX
VPMAXSQ,FM_MAX
VPMAXUB,FM_MAX
VPMAXUD,FM_MAX
VPMAXUQ,FM_MAX
VPMAXUW,FM_MAX
VPMAXSW,FM_MAX
BEXTR,FM_MERGE
BLENDPD,FM_MERGE
BLENDPS,FM_MERGE
BLENDVPD,FM_MERGE
BLENDVPS,FM_MERGE
BLSI,FM_MERGE
EXTRACTPS,FM_MERGE
INSERTPS,FM_MERGE
KUNPCKBW,FM_MERGE
KUNPCKDQ,FM_MERGE
KUNPCKWD,FM_MERGE
PALIGNR,FM_MERGE
PBLENDVB,FM_MERGE
PBLENDW,FM_MERGE
PEXTRB,FM_MERGE
PEXTRD,FM_MERGE
PEXTRQ,FM_MERGE
PEXTRW,FM_MERGE
PINSRB,FM_MERGE
PINSRD,FM_MERGE
PINSRQ,FM_MERGE
PUNPCKHBW,FM_MERGE
PUNPCKHDQ,FM_MERGE
PUNPCKHQDQ,FM_MERGE
PUNPCKLBW,FM_MERGE
PUNPCKLDQ,FM_MERGE
PUNPCKLQDQ,FM_MERGE
PUNPCKLWD,FM_MERGE
UNPCKHPD,FM_MERGE
UNPCKHPS,FM_MERGE
UNPCKLPD,FM_MERGE
UNPCKLPS,FM_MERGE
VALIGND,FM_MERGE
VALIGNQ,FM_MERGE
VBLENDMPD,FM_MERGE
VBLENDMPS,FM_MERGE
VBLENDPD,FM_MERGE
VBLENDPS,FM_MERGE
VBLENDVPD,FM_MERGE
VBLENDVPS,FM_MERGE
VCOMPRESSPD,FM_MERGE
VCOMPRESSPS,FM_MERGE
VEXPANDPD,FM_MERGE
VEXPANDPS,FM_MERGE
VEXTRACTF128,FM_MERGE
VEXTRACTF32X4,FM_MERGE
VEXTRACTF32X8,FM_MERGE
VEXTRACTF64X2,FM_MERGE
VEXTRACTF64X4,FM_MERGE
VEXTRACTI128,FM_MERGE
VEXTRACTI32X8,FM_MERGE
VEXTRACTI64X2,FM_MERGE
VEXTRACTI64X4,FM_MERGE
VEXTRACTPS,FM_MERGE
VINSERTF128,FM_MERGE
VINSERTF32X4,FM_MERGE
VINSERTF32X8,FM_MERGE
VINSERTF64X4,FM_MERGE
VINSERTI128,FM_MERGE
VINSERTI32X4,FM_MERGE
VINSERTI32X8,FM_MERGE
VINSERTI64X2,FM_MERGE
VINSERTI64X4,FM_MERGE
VINSERTPS,FM_MERGE
VPALIGNR,FM_MERGE
VPBLENDD,FM_MERGE
VPBLENDMB,FM_MERGE
VPBLENDMD,FM_MERGE
VPBLENDMQ,FM_MERGE
VPBLENDVB,FM_MERGE
VPBLENDW,FM_MERGE
VPCOMPRESSD,FM_MERGE
VPCOMPRESSQ,FM_MERGE
VPEXPANDQ,FM_MERGE
VPEXTRB,FM_MERGE
VPEXTRD,FM_MERGE
VPEXTRQ,FM_MERGE
VPEXTRW,FM_MERGE
VPINSRB,FM_MERGE
VPINSRD,FM_MERGE
VPINSRQ,FM_MERGE
VPUNPCKHBW,FM_MERGE
VPUNPCKHDQ,FM_MERGE
VPUNPCKHQDQ,FM_MERGE
VPUNPCKHWD,FM_MERGE
VPUNPCKLBW,FM_MERGE
VPUNPCKLDQ,FM_MERGE
VPUNPCKLQDQ,FM_MERGE
VPUNPCKLWD,FM_MERGE
VUNPCKHPD,FM_MERGE
VUNPCKHPS,FM_MERGE
VUNPCKLPD,FM_MERGE
VUNPCKLPS,FM_MERGE
FXTRACT,FM_MERGE
PINSRW,FM_MERGE
PUNPCKHWD,FM_MERGE
VEXTRACTI32X4,FM_MERGE
VINSERTF64X2,FM_MERGE
VPBLENDMW,FM_MERGE
VPEXPANDD,FM_MERGE
VPINSRW,FM_MERGE
MINPS,FM_MIN
MINSD,FM_MIN
MINSS,FM_MIN
PFMIN,FM_MIN
PHMINPOSUW,FM_MIN
PMINSB,FM_MIN
PMINSW,FM_MIN
PMINUB,FM_MIN
PMINUD,FM_MIN
PMINUW,FM_MIN
VMINPS,FM_MIN
VMINSD,FM_MIN
VMINSS,FM_MIN
VPHMINPOSUW,FM_MIN
VPMINSB,FM_MIN
VPMINSD,FM_MIN
VPMINSQ,FM_MIN
VPMINSW,FM_MIN
VPMINUB,FM_MIN
VPMINUQ,FM_MIN
VPMINUW,FM_MIN
MINPD,FM_MIN
PMINSD,FM_MIN
VMINPD,FM_MIN
VPMINUD,FM_MIN
MASKMOVDQU,FM_MMOV
MASKMOVQ,FM_MMOV
VMASKMOVPD,FM_MMOV
VMASKMOVPS,FM_MMOV
VPMASKMOVD,FM_MMOV
VPMASKMOVQ,FM_MMOV
VMASKMOVDQU,FM_MMOV
FSTP,FM_MOV
KMOVB,FM_MOV
KMOVQ,FM_MOV
KMOVW,FM_MOV
LODS,FM_MOV
MOV,FM_MOV
MOVAPD,FM_MOV
MOVAPS,FM_MOV
MOVD,FM_MOV
MOVDQ2Q,FM_MOV
MOVDQA,FM_MOV
MOVDQU,FM_MOV
MOVHLPS,FM_MOV
MOVHPD,FM_MOV
MOVHPS,FM_MOV
MOVLHPS,FM_MOV
MOVLPD,FM_MOV
MOVLPS,FM_MOV
MOVNTDQ,FM_MOV
MOVNTDQA,FM_MOV
MOVNTI,FM_MOV
MOVNTPD,FM_MOV
MOVNTPS,FM_MOV
MOVNTQ,FM_MOV
MOVQ,FM_MOV
MOVQ2DQ,FM_MOV
MOVSD,FM_MOV
MOVSHDUP,FM_MOV
MOVSLDUP,FM_MOV
MOVSS,FM_MOV
MOVSX,FM_MOV
MOVSXD,FM_MOV
MOVUPD,FM_MOV
MOVUPS,FM_MOV
MOVZX,FM_MOV
PMOVSXBD,FM_MOV
PMOVSXBQ,FM_MOV
PMOVSXBW,FM_MOV
PMOVSXDQ,FM_MOV
PMOVSXWQ,FM_MOV
PMOVZXBD,FM_MOV
PMOVZXBQ,FM_MOV
PMOVZXBW,FM_MOV
PMOVZXDQ,FM_MOV
PMOVZXWD,FM_MOV
PMOVZXWQ,FM_MOV
REP_LODS,FM_MOV
REP_STOS,FM_MOV
STOS,FM_MOV
VLDDQU,FM_MOV
VMOVAPD,FM_MOV
VMOVAPS,FM_MOV
VMOVD,FM_MOV
VMOVDDUP,FM_MOV
VMOVDQA,FM_MOV
VMOVDQA64,FM_MOV
VMOVDQU,FM_MOV
VMOVDQU16,FM_MOV
VMOVDQU32,FM_MOV
VMOVDQU64,FM_MOV
VMOVDQU8,FM_MOV
VMOVHLPS,FM_MOV
VMOVHPD,FM_MOV
VMOVHPS,FM_MOV
VMOVLPD,FM_MOV
VMOVLPS,FM_MOV
VMOVNTDQ,FM_MOV
VMOVNTDQA,FM_MOV
VMOVNTPD,FM_MOV
VMOVNTPS,FM_MOV
VMOVQ,FM_MOV
VMOVSHDUP,FM_MOV
VMOVSLDUP,FM_MOV
VMOVSS,FM_MOV
VMOVUPD,FM_MOV
VMOVUPS,FM_MOV
VPMOVSXBD,FM_MOV
VPMOVSXBQ,FM_MOV
VPMOVSXBW,FM_MOV
VPMOVSXDQ,FM_MOV
VPMOVSXWD,FM_MOV
VPMOVSXWQ,FM_MOV
VPMOVZXBD,FM_MOV
VPMOVZXBQ,FM_MOV
VPMOVZXBW,FM_MOV
VPMOVZXDQ,FM_MOV
VPMOVZXWQ,FM_MOV
FST,FM_MOV
KMOVD,FM_MOV
MOVDDUP,FM_MOV
MOVS,FM_MOV
PMOVSXWD,FM_MOV
REP_MOVS,FM_MOV
VMOVDQA32,FM_MOV
VMOVLHPS,FM_MOV
VMOVSD,FM_MOV
VPMOVZXWD,FM_MOV
FIMUL,FM_MUL
FMULP,FM_MUL
MUL,FM_MUL
MULPD,FM_MUL
MULPS,FM_MUL
MULSD,FM_MUL
MULSS,FM_MUL
MULX,FM_MUL
PFMUL,FM_MUL
PMULDQ,FM_MUL
PMULHRSW,FM_MUL
PMULHUW,FM_MUL
PMULHW,FM_MUL
PMULLD,FM_MUL
PMULLW,FM_MUL
PMULUDQ,FM_MUL
VMULPD,FM_MUL
VMULPS,FM_MUL
VMULSD,FM_MUL
VMULSS,FM_MUL
VPCLMULQDQ,FM_MUL
VPMULDQ,FM_MUL
VPMULHRSW,FM_MUL
VPMULHUW,FM_MUL
VPMULHW,FM_MUL
VPMULLD,FM_MUL
VPMULLQ,FM_MUL
VPMULLW,FM_MUL
VPMULUDQ,FM_MUL
FMUL,FM_MUL
IMUL,FM_MUL
PCLMULQDQ,FM_MUL
PMULHRW,FM_MUL
FCHS,FM_NEG
NEG,FM_NEG
PSIGNB,FM_NEG
PSIGND,FM_NEG
PSIGNW,FM_NEG
VPSIGND,FM_NEG
VPSIGNW,FM_NEG
VPSIGNB,FM_NEG
FNOP,FM_NOP
NOP,FM_NOP
KNOTB,FM_NOT
KNOTD,FM_NOT
KNOTQ,FM_NOT
KNOTW,FM_NOT
NOT,FM_NOT
KORB,FM_OR
KORD,FM_OR
KORQ,FM_OR
KORW,FM_OR
KXNORD,FM_OR
KXNORQ,FM_OR
KXNORW,FM_OR
KXORB,FM_OR
KXORD,FM_OR
KXORQ,FM_OR
KXORW,FM_OR
OR,FM_OR
ORPD,FM_OR
ORPS,FM_OR
VORPD,FM_OR
VORPS,FM_OR
VPORD,FM_OR
VPORQ,FM_OR
KXNORB,FM_OR
POR,FM_OR
VPOR,FM_OR
CLI,FM_OS
CLTS,FM_OS
GETSEC,FM_OS
HLT,FM_OS
INT,FM_OS
IRET,FM_OS
IRETL,FM_OS
IRETQ,FM_OS
RDPKRU,FM_OS
RSM,FM_OS
STI,FM_OS
SYSCALL,FM_OS
SYSENTER,FM_OS
SYSEXIT,FM_OS
SYSRET,FM_OS
WRPKRU,FM_OS
DPPD,FM_OTHER_ARITH
DPPS,FM_OTHER_ARITH
F2XM1,FM_OTHER_ARITH
FSCALE,FM_OTHER_ARITH
PMADDUBSW,FM_OTHER_ARITH
PMADDWD,FM_OTHER_ARITH
VDPPD,FM_OTHER_ARITH
VDPPS,FM_OTHER_ARITH
VEXP2PS,FM_OTHER_ARITH
VFIXUPIMMPD,FM_OTHER_ARITH
VFIXUPIMMPS,FM_OTHER_ARITH
VFIXUPIMMSD,FM_OTHER_ARITH
VFIXUPIMMSS,FM_OTHER_ARITH
VSCALEFPD,FM_OTHER_ARITH
VSCALEFPS,FM_OTHER_ARITH
VSCALEFSS,FM_OTHER_ARITH
VEXP2PD,FM_OTHER_ARITH
VSCALEFSD,FM_OTHER_ARITH
PDEP,FM_OTHER_LOGIC
PEXT,FM_OTHER_LOGIC
FSINCOS,FM_OTHER_MATH
FYL2X,FM_OTHER_MATH
FYL2XP1,FM_OTHER_MATH
OUT,FM_OUT
OUTS,FM_OUT
REP_OUTS,FM_OUT
POP,FM_POP
POPFQ,FM_POP
POPFW,FM_POP
PREFETCHNTA,FM_PREFETCH
PREFETCHT0,FM_PREFETCH
PREFETCHT1,FM_PREFETCH
PREFETCHT2,FM_PREFETCH
PREFETCHW,FM_PREFETCH
PREFETCHWT1,FM_PREFETCH
VGATHERPF0DPD,FM_PREFETCH
VGATHERPF0DPS,FM_PREFETCH
VGATHERPF0QPD,FM_PREFETCH
VGATHERPF0QPS,FM_PREFETCH
VGATHERPF1DPD,FM_PREFETCH
VGATHERPF1QPD,FM_PREFETCH
VGATHERPF1QPS,FM_PREFETCH
VSCATTERPF0DPD,FM_PREFETCH
VSCATTERPF0DPS,FM_PREFETCH
VSCATTERPF0QPD,FM_PREFETCH
VSCATTERPF0QPS,FM_PREFETCH
VSCATTERPF1DPD,FM_PREFETCH
VSCATTERPF1DPS,FM_PREFETCH
VSCATTERPF1QPS,FM_PREFETCH
VGATHERPF1DPS,FM_PREFETCH
VSCATTERPF1QPD,FM_PREFETCH
FLD1,FM_PUSH
FLDL2E,FM_PUSH
FLDL2T,FM_PUSH
FLDLG2,FM_PUSH
FLDLN2,FM_PUSH
FLDPI,FM_PUSH
FLDZ,FM_PUSH
PUSH,FM_PUSH
PUSHFQ,FM_PUSH
PUSHFW,FM_PUSH
PUSHW,FM_PUSH
FLD,FM_PUSH
RDRAND,FM_RAND
PFRCP,FM_RCP
PFRCPIT1,FM_RCP
PFRCPIT2,FM_RCP
RCPPS,FM_RCP
RCPSS,FM_RCP
VRCP14PD,FM_RCP
VRCP14PS,FM_RCP
VRCP14SD,FM_RCP
VRCP28PD,FM_RCP
VRCP28PS,FM_RCP
VRCP28SD,FM_RCP
VRCP28SS,FM_RCP
VRCPPS,FM_RCP
VRCPSS,FM_RCP
VRCP14SS,FM_RCP
FPREM1,FM_REM
FPREM,FM_REM
LRET,FM_RET
RET,FM_RET
FRNDINT,FM_RND
ROUNDPD,FM_RND
ROUNDPS,FM_RND
ROUNDSD,FM_RND
VRNDSCALEPS,FM_RND
VRNDSCALESD,FM_RND
VRNDSCALESS,FM_RND
VROUNDPD,FM_RND
VROUNDPS,FM_RND
VROUNDSD,FM_RND
VROUNDSS,FM_RND
ROUNDSS,FM_RND
VRNDSCALEPD,FM_RND
RCR,FM_ROT
ROL,FM_ROT
ROR,FM_ROT
RORX,FM_ROT
VPROLD,FM_ROT
VPROLQ,FM_ROT
VPROLVD,FM_ROT
VPROLVQ,FM_ROT
VPRORD,FM_ROT
VPRORQ,FM_ROT
VPRORVD,FM_ROT
RCL,FM_ROT
VPRORVQ,FM_ROT
PFRSQIT1,FM_RSQRT
PFRSQRT,FM_RSQRT
RSQRTPS,FM_RSQRT
RSQRTSS,FM_RSQRT
VRSQRT14PD,FM_RSQRT
VRSQRT14PS,FM_RSQRT
VRSQRT14SS,FM_RSQRT
VRSQRT28PD,FM_RSQRT
VRSQRT28PS,FM_RSQRT
VRSQRT28SD,FM_RSQRT
VRSQRT28SS,FM_RSQRT
VRSQRTPS,FM_RSQRT
VRSQRTSS,FM_RSQRT
VRSQRT14SD,FM_RSQRT
BSF,FM_SCAN
BSR,FM_SCAN
VPSCATTERDD,FM_SCATTER
VPSCATTERDQ,FM_SCATTER
VPSCATTERQD,FM_SCATTER
VPSCATTERQQ,FM_SCATTER
VSCATTERDPD,FM_SCATTER
VSCATTERDPS,FM_SCATTER
VSCATTERQPD,FM_SCATTER
VSCATTERQPS,FM_SCATTER
BLSMSK,FM_SET
EMMS,FM_SET
SETA,FM_SET
SETB,FM_SET
SETBE,FM_SET
SETC,FM_SET
SETE,FM_SET
SETG,FM_SET
SETGE,FM_SET
SETL,FM_SET
SETLE,FM_SET
SETNA,FM_SET
SETNB,FM_SET
SETNBE,FM_SET
SETNC,FM_SET
SETNE,FM_SET
SETNG,FM_SET
SETNGE,FM_SET
SETNL,FM_SET
SETNLE,FM_SET
SETNO,FM_SET
SETNS,FM_SET
SETNZ,FM_SET
SETO,FM_SET
SETP,FM_SET
SETPE,FM_SET
SETPO,FM_SET
SETS,FM_SET
SETZ,FM_SET
SETAE,FM_SET
SETNAE,FM_SET
SETNP,FM_SET
KSHIFTLB,FM_SHIFT
KSHIFTLD,FM_SHIFT
KSHIFTLQ,FM_SHIFT
KSHIFTLW,FM_SHIFT
KSHIFTRB,FM_SHIFT
KSHIFTRQ,FM_SHIFT
KSHIFTRW,FM_SHIFT
PSLLD,FM_SHIFT
PSLLDQ,FM_SHIFT
PSLLQ,FM_SHIFT
PSLLW,FM_SHIFT
PSRAW,FM_SHIFT
PSRLD,FM_SHIFT
PSRLDQ,FM_SHIFT
PSRLQ,FM_SHIFT
PSRLW,FM_SHIFT
SAL,FM_SHIFT
SAR,FM_SHIFT
SARX,FM_SHIFT
SHL,FM_SHIFT
SHLD,FM_SHIFT
SHR,FM_SHIFT
SHRD,FM_SHIFT
SHRX,FM_SHIFT
VPSLLD,FM_SHIFT
VPSLLDQ,FM_SHIFT
VPSLLQ,FM_SHIFT
VPSLLVD,FM_SHIFT
VPSLLVQ,FM_SHIFT
VPSLLVW,FM_SHIFT
VPSLLW,FM_SHIFT
VPSRAQ,FM_SHIFT
VPSRAVD,FM_SHIFT
VPSRAVQ,FM_SHIFT
VPSRAVW,FM_SHIFT
VPSRAW,FM_SHIFT
VPSRLD,FM_SHIFT
VPSRLDQ,FM_SHIFT
VPSRLQ,FM_SHIFT
VPSRLVD,FM_SHIFT
VPSRLVW,FM_SHIFT
VPSRLW,FM_SHIFT
KSHIFTRD,FM_SHIFT
PSRAD,FM_SHIFT
SHLX,FM_SHIFT
VPSRAD,FM_SHIFT
VPSRLVQ,FM_SHIFT
PSHUFB,FM_SHUFFLE
PSHUFD,FM_SHUFFLE
PSHUFLW,FM_SHUFFLE
PSHUFW,FM_SHUFFLE
PSWAPD,FM_SHUFFLE
SHUFPD,FM_SHUFFLE
SHUFPS,FM_SHUFFLE
VPERM2F128,FM_SHUFFLE
VPERM2I128,FM_SHUFFLE
VPERMD,FM_SHUFFLE
VPERMI2D,FM_SHUFFLE
VPERMI2PD,FM_SHUFFLE
VPERMI2PS,FM_SHUFFLE
VPERMI2Q,FM_SHUFFLE
VPERMI2W,FM_SHUFFLE
VPERMILPD,FM_SHUFFLE
VPERMPD,FM_SHUFFLE
VPERMPS,FM_SHUFFLE
VPERMQ,FM_SHUFFLE
VPERMT2D,FM_SHUFFLE
VPERMT2PD,FM_SHUFFLE
VPERMT2PS,FM_SHUFFLE
VPERMT2Q,FM_SHUFFLE
VPERMT2W,FM_SHUFFLE
VPERMW,FM_SHUFFLE
VPSHUFB,FM_SHUFFLE
VPSHUFD,FM_SHUFFLE
VPSHUFHW,FM_SHUFFLE
VPSHUFLW,FM_SHUFFLE
VSHUFF32X4,FM_SHUFFLE
VSHUFF64X2,FM_SHUFFLE
VSHUFI32X4,FM_SHUFFLE
VSHUFI64X2,FM_SHUFFLE
VSHUFPD,FM_SHUFFLE
VSHUFPS,FM_SHUFFLE
PSHUFHW,FM_SHUFFLE
VPERMILPS,FM_SHUFFLE
FSIN,FM_SIN
FSQRT,FM_SQRT
SQRTPD,FM_SQRT
SQRTSD,FM_SQRT
SQRTSS,FM_SQRT
VSQRTPS,FM_SQRT
VSQRTSD,FM_SQRT
VSQRTSS,FM_SQRT
SQRTPS,FM_SQRT
VSQRTPD,FM_SQRT
ENTER,FM_STACK_INIT
LEAVE,FM_STACK_RELEASE
FDECSTP,FM_STACK_ROT
FINCSTP,FM_STACK_ROT
FISUB,FM_SUB
FISUBR,FM_SUB
FSUB,FM_SUB
FSUBP,FM_SUB
FSUBR,FM_SUB
FSUBRP,FM_SUB
HSUBPD,FM_SUB
HSUBPS,FM_SUB
PFNACC,FM_SUB
PFSUB,FM_SUB
PFSUBR,FM_SUB
PHSUBD,FM_SUB
PHSUBSW,FM_SUB
PHSUBW,FM_SUB
PSUBB,FM_SUB
PSUBD,FM_SUB
PSUBQ,FM_SUB
PSUBSB,FM_SUB
PSUBUSB,FM_SUB
PSUBUSW,FM_SUB
PSUBW,FM_SUB
SBB,FM_SUB
SUBPD,FM_SUB
SUBPS,FM_SUB
SUBSD,FM_SUB
SUBSS,FM_SUB
VHSUBPD,FM_SUB
VHSUBPS,FM_SUB
VPHSUBD,FM_SUB
VPHSUBSW,FM_SUB
VPHSUBW,FM_SUB
VPSUBB,FM_SUB
VPSUBD,FM_SUB
VPSUBQ,FM_SUB
VPSUBSB,FM_SUB
VPSUBSW,FM_SUB
VPSUBUSB,FM_SUB
VPSUBUSW,FM_SUB
VSUBPD,FM_SUB
VSUBPS,FM_SUB
VSUBSD,FM_SUB
VSUBSS,FM_SUB
PFPNACC,FM_SUB
PSUBSW,FM_SUB
SUB,FM_SUB
VPSUBW,FM_SUB
MONITOR,FM_SYNC
MWAIT,FM_SYNC
FPTAN,FM_TAN
XABORT,FM_TM
XBEGIN,FM_TM
XEND,FM_TM
XTEST,FM_TM
BNDCN,FM_UNDEF
BNDCU,FM_UNDEF
BNDLDX,FM_UNDEF
BNDMK,FM_UNDEF
BNDMOV,FM_UNDEF
BNDSTX,FM_UNDEF
CLWB,FM_UNDEF
FXAM,FM_UNDEF
RDPID,FM_UNDEF
SHA1MSG1,FM_UNDEF
SHA1MSG2,FM_UNDEF
SHA1NEXTE,FM_UNDEF
SHA1RNDS4,FM_UNDEF
SHA256MSG1,FM_UNDEF
SHA256MSG2,FM_UNDEF
SHA256RNDS2,FM_UNDEF
UD2,FM_UNDEF
VFPCLASSPD,FM_UNDEF
VFPCLASSSD,FM_UNDEF
VFPCLASSSS,FM_UNDEF
VPCONFLICTD,FM_UNDEF
VPTERNLOGD,FM_UNDEF
VPTERNLOGQ,FM_UNDEF
VRANGEPD,FM_UNDEF
VRANGEPS,FM_UNDEF
VRANGESD,FM_UNDEF
VRANGESS,FM_UNDEF
VREDUCEPD,FM_UNDEF
VREDUCEPS,FM_UNDEF
VREDUCESS,FM_UNDEF
BNDCL,FM_UNDEF
VFPCLASSPS,FM_UNDEF
VPCONFLICTQ,FM_UNDEF
VMCALL,FM_VIRT
VMCLEAR,FM_VIRT
VMFUNC,FM_VIRT
VMLAUNCH,FM_VIRT
VMPTRLD,FM_VIRT
VMPTRST,FM_VIRT
VMREAD,FM_VIRT
VMWRITE,FM_VIRT
VMXOFF,FM_VIRT
VMXON,FM_VIRT
VMRESUME,FM_VIRT
FXCH,FM_XCHG
XCHG,FM_XCHG
PXOR,FM_XOR
VPXORD,FM_XOR
VPXORQ,FM_XOR
VXORPD,FM_XOR
VXORPS,FM_XOR
XOR,FM_XOR
XORPD,FM_XOR
XORPS,FM_XOR
VPXOR,FM_XOR
